Brand,Code,Link
Precision Fuel & Hydration,precision,https://scylark.github.io/ribbleoutliers/?p=precision#k=FULLGAS27
Muc-Off,mucoff,https://scylark.github.io/ribbleoutliers/?p=mucoff#k=FULLGAS27
Smurfit WestRock,smurfit,https://scylark.github.io/ribbleoutliers/?p=smurfit#k=FULLGAS27
Restrap,restrap,https://scylark.github.io/ribbleoutliers/?p=restrap#k=FULLGAS27
Tenzing,tenzing,https://scylark.github.io/ribbleoutliers/?p=tenzing#k=FULLGAS27
Athletic Brewing,athletic,https://scylark.github.io/ribbleoutliers/?p=athletic#k=FULLGAS27
Quoc,quoc,https://scylark.github.io/ribbleoutliers/?p=quoc#k=FULLGAS27
Passenger Clothing,passenger,https://scylark.github.io/ribbleoutliers/?p=passenger#k=FULLGAS27
Regional NW B2B (name tbc),nwb2b,https://scylark.github.io/ribbleoutliers/?p=nwb2b#k=FULLGAS27
Financial services (name tbc),finserv,https://scylark.github.io/ribbleoutliers/?p=finserv#k=FULLGAS27
V12 Retail Finance,v12,https://scylark.github.io/ribbleoutliers/v12.html?p=v12#k=FULLGAS27
SunGod,sungod,https://scylark.github.io/ribbleoutliers/?p=sungod#k=FULLGAS27
Tailfin,tailfin,https://scylark.github.io/ribbleoutliers/?p=tailfin#k=FULLGAS27
Spatz,spatz,https://scylark.github.io/ribbleoutliers/?p=spatz#k=FULLGAS27
CAMS,cams,https://scylark.github.io/ribbleoutliers/cams.html?p=cams#k=FULLGAS27
Schwalbe,schwalbe,https://scylark.github.io/ribbleoutliers/schwalbe.html?p=schwalbe#k=FULLGAS27
Kalas,kalas,https://scylark.github.io/ribbleoutliers/kalas.html?p=kalas#k=FULLGAS27
Rapha,rapha,https://scylark.github.io/ribbleoutliers/rapha.html?p=rapha#k=FULLGAS27
Cafe du Cycliste,cdc,https://scylark.github.io/ribbleoutliers/cdc.html?p=cdc#k=FULLGAS27
ASSOS of Switzerland,assos,https://scylark.github.io/ribbleoutliers/assos.html?p=assos#k=FULLGAS27
Castelli,castelli,https://scylark.github.io/ribbleoutliers/castelli.html?p=castelli#k=FULLGAS27
Pas Normal Studios,pns,https://scylark.github.io/ribbleoutliers/pns.html?p=pns#k=FULLGAS27
SRAM and Zipp,sramandzipp,https://scylark.github.io/ribbleoutliers/?p=sramandzipp#k=FULLGAS27
Cotswold Outdoor,cotswoldoutdoor,https://scylark.github.io/ribbleoutliers/?p=cotswoldoutdoor#k=FULLGAS27
TrainingPeaks,trainingpeaks,https://scylark.github.io/ribbleoutliers/?p=trainingpeaks#k=FULLGAS27
Presta Tools,prestatools,https://scylark.github.io/ribbleoutliers/?p=prestatools#k=FULLGAS27
Selle Italia,selleitalia,https://scylark.github.io/ribbleoutliers/?p=selleitalia#k=FULLGAS27
POC,poc,https://scylark.github.io/ribbleoutliers/?p=poc#k=FULLGAS27
Vitality,vitality,https://scylark.github.io/ribbleoutliers/?p=vitality#k=FULLGAS27
Santander UK,santanderuk,https://scylark.github.io/ribbleoutliers/?p=santanderuk#k=FULLGAS27
Yellow Jersey and Pedal Cover,yellowjerseyandped,https://scylark.github.io/ribbleoutliers/?p=yellowjerseyandped#k=FULLGAS27
Laka,laka,https://scylark.github.io/ribbleoutliers/?p=laka#k=FULLGAS27
Leigh Day,leighday,https://scylark.github.io/ribbleoutliers/?p=leighday#k=FULLGAS27
Slater and Gordon,slaterandgordon,https://scylark.github.io/ribbleoutliers/?p=slaterandgordon#k=FULLGAS27
AJ Bell,ajbell,https://scylark.github.io/ribbleoutliers/?p=ajbell#k=FULLGAS27
DS Smith,dssmith,https://scylark.github.io/ribbleoutliers/?p=dssmith#k=FULLGAS27
Leyland Trucks (DAF),leylandtrucks,https://scylark.github.io/ribbleoutliers/?p=leylandtrucks#k=FULLGAS27
Eric Wright Group,ericwrightgroup,https://scylark.github.io/ribbleoutliers/?p=ericwrightgroup#k=FULLGAS27
DPD,dpd,https://scylark.github.io/ribbleoutliers/?p=dpd#k=FULLGAS27
Monzo,monzo,https://scylark.github.io/ribbleoutliers/?p=monzo#k=FULLGAS27
Starling Bank,starlingbank,https://scylark.github.io/ribbleoutliers/?p=starlingbank#k=FULLGAS27
Simplyhealth,simplyhealth,https://scylark.github.io/ribbleoutliers/?p=simplyhealth#k=FULLGAS27
Octopus Energy,octopusenergy,https://scylark.github.io/ribbleoutliers/?p=octopusenergy#k=FULLGAS27
Huel,huel,https://scylark.github.io/ribbleoutliers/?p=huel#k=FULLGAS27
Castore,castore,https://scylark.github.io/ribbleoutliers/?p=castore#k=FULLGAS27
Lidl GB,lidlgb,https://scylark.github.io/ribbleoutliers/?p=lidlgb#k=FULLGAS27
Lloyds Bank,lloydsbank,https://scylark.github.io/ribbleoutliers/?p=lloydsbank#k=FULLGAS27
DMT,dmt,https://scylark.github.io/ribbleoutliers/?p=dmt#k=FULLGAS27
Lake Cycling,lakecycling,https://scylark.github.io/ribbleoutliers/?p=lakecycling#k=FULLGAS27
Endura,endura,https://scylark.github.io/ribbleoutliers/?p=endura#k=FULLGAS27
MAAP,maap,https://scylark.github.io/ribbleoutliers/?p=maap#k=FULLGAS27
Albion,albion,https://scylark.github.io/ribbleoutliers/?p=albion#k=FULLGAS27
Isadore,isadore,https://scylark.github.io/ribbleoutliers/?p=isadore#k=FULLGAS27
Stolen Goat,stolengoat,https://scylark.github.io/ribbleoutliers/?p=stolengoat#k=FULLGAS27
Polar,polar,https://scylark.github.io/ribbleoutliers/?p=polar#k=FULLGAS27
Suunto,suunto,https://scylark.github.io/ribbleoutliers/?p=suunto#k=FULLGAS27
Shokz,shokz,https://scylark.github.io/ribbleoutliers/?p=shokz#k=FULLGAS27
GoPro,gopro,https://scylark.github.io/ribbleoutliers/?p=gopro#k=FULLGAS27
Insta360,insta360,https://scylark.github.io/ribbleoutliers/?p=insta360#k=FULLGAS27
Therabody,therabody,https://scylark.github.io/ribbleoutliers/?p=therabody#k=FULLGAS27
Hyperice,hyperice,https://scylark.github.io/ribbleoutliers/?p=hyperice#k=FULLGAS27
komoot,komoot,https://scylark.github.io/ribbleoutliers/?p=komoot#k=FULLGAS27
Ordnance Survey,ordnancesurvey,https://scylark.github.io/ribbleoutliers/?p=ordnancesurvey#k=FULLGAS27
Montane,montane,https://scylark.github.io/ribbleoutliers/?p=montane#k=FULLGAS27
Rab,rab,https://scylark.github.io/ribbleoutliers/?p=rab#k=FULLGAS27
Alpkit,alpkit,https://scylark.github.io/ribbleoutliers/?p=alpkit#k=FULLGAS27
Bikmo,bikmo,https://scylark.github.io/ribbleoutliers/?p=bikmo#k=FULLGAS27
Pedalsure,pedalsure,https://scylark.github.io/ribbleoutliers/?p=pedalsure#k=FULLGAS27
Ripe Insurance,ripeinsurance,https://scylark.github.io/ribbleoutliers/?p=ripeinsurance#k=FULLGAS27
Dogtag,dogtag,https://scylark.github.io/ribbleoutliers/?p=dogtag#k=FULLGAS27
Fletchers Solicitors,fletcherssolicitor,https://scylark.github.io/ribbleoutliers/?p=fletcherssolicitor#k=FULLGAS27
Digby Brown Solicitors,digbybrownsolicito,https://scylark.github.io/ribbleoutliers/?p=digbybrownsolicito#k=FULLGAS27
Lucky Saint,luckysaint,https://scylark.github.io/ribbleoutliers/?p=luckysaint#k=FULLGAS27
Grenade,grenade,https://scylark.github.io/ribbleoutliers/?p=grenade#k=FULLGAS27
Myprotein,myprotein,https://scylark.github.io/ribbleoutliers/?p=myprotein#k=FULLGAS27
Skedaddle,skedaddle,https://scylark.github.io/ribbleoutliers/?p=skedaddle#k=FULLGAS27
Much Better Adventures,muchbetteradventur,https://scylark.github.io/ribbleoutliers/?p=muchbetteradventur#k=FULLGAS27
Bremont,bremont,https://scylark.github.io/ribbleoutliers/?p=bremont#k=FULLGAS27
Christopher Ward,christopherward,https://scylark.github.io/ribbleoutliers/?p=christopherward#k=FULLGAS27
Pact Coffee,pactcoffee,https://scylark.github.io/ribbleoutliers/?p=pactcoffee#k=FULLGAS27
Styrkr,styrkr,https://scylark.github.io/ribbleoutliers/?p=styrkr#k=FULLGAS27
OTE Sports,otesports,https://scylark.github.io/ribbleoutliers/?p=otesports#k=FULLGAS27
Veloforte,veloforte,https://scylark.github.io/ribbleoutliers/?p=veloforte#k=FULLGAS27
Origin Coffee,origincoffee,https://scylark.github.io/ribbleoutliers/?p=origincoffee#k=FULLGAS27
Brittany Ferries,brittanyferries,https://scylark.github.io/ribbleoutliers/?p=brittanyferries#k=FULLGAS27
Eurotunnel,eurotunnel,https://scylark.github.io/ribbleoutliers/?p=eurotunnel#k=FULLGAS27
Thule,thule,https://scylark.github.io/ribbleoutliers/?p=thule#k=FULLGAS27
Wattbike,wattbike,https://scylark.github.io/ribbleoutliers/?p=wattbike#k=FULLGAS27
Knog,knog,https://scylark.github.io/ribbleoutliers/?p=knog#k=FULLGAS27
Hiplok,hiplok,https://scylark.github.io/ribbleoutliers/?p=hiplok#k=FULLGAS27
ELITE,elite,https://scylark.github.io/ribbleoutliers/?p=elite#k=FULLGAS27
DeFeet,defeet,https://scylark.github.io/ribbleoutliers/?p=defeet#k=FULLGAS27
Renthal,renthal,https://scylark.github.io/ribbleoutliers/?p=renthal#k=FULLGAS27
Silverfish UK,silverfishuk,https://scylark.github.io/ribbleoutliers/?p=silverfishuk#k=FULLGAS27
Upgrade Bikes,upgradebikes,https://scylark.github.io/ribbleoutliers/?p=upgradebikes#k=FULLGAS27
Julbo,julbo,https://scylark.github.io/ribbleoutliers/?p=julbo#k=FULLGAS27
KASK,kask,https://scylark.github.io/ribbleoutliers/?p=kask#k=FULLGAS27
Apidura,apidura,https://scylark.github.io/ribbleoutliers/?p=apidura#k=FULLGAS27
Play Sports Network (GCN),playsportsnetwork,https://scylark.github.io/ribbleoutliers/?p=playsportsnetwork#k=FULLGAS27
Rouleur,rouleur,https://scylark.github.io/ribbleoutliers/?p=rouleur#k=FULLGAS27
Singletrack World,singletrackworld,https://scylark.github.io/ribbleoutliers/?p=singletrackworld#k=FULLGAS27
Beaverbrooks,beaverbrooks,https://scylark.github.io/ribbleoutliers/?p=beaverbrooks#k=FULLGAS27
Gold Medal Travel Group,goldmedaltravelgro,https://scylark.github.io/ribbleoutliers/?p=goldmedaltravelgro#k=FULLGAS27
